{
  "EURUSD": {
    "mae": 0.001250831364348579,
    "rmse": 0.0017729980289364314,
    "dir_acc": 0.5858239810986414,
    "accuracy": 0.5877141169521559,
    "f1": 0.563968015992004,
    "precision": 0.5953574254814034,
    "recall": 0.5357227628768099
  },
  "GBPJPY": {
    "mae": 0.0021379423516405135,
    "rmse": 0.002952054320631911,
    "dir_acc": 0.5103969754253308,
    "accuracy": 0.5126417769376181,
    "f1": 0.3842364532019704,
    "precision": 0.5634851138353766,
    "recall": 0.2915062287655719
  },
  "XAUUSD": {
    "mae": 0.004905102082638527,
    "rmse": 0.006056222818591676,
    "dir_acc": 0.48261076703191996,
    "accuracy": 0.48332539304430683,
    "f1": 0.027354260089686097,
    "precision": 0.5213675213675214,
    "recall": 0.014045590605572185
  }
}