{
  "EURUSD": {
    "mae": 0.0017293789577978358,
    "rmse": 0.0024625671735957724,
    "dir_acc": 0.5210868281157708,
    "accuracy": 0.522386296515062,
    "f1": 0.6177555072326747,
    "precision": 0.5133563796354494,
    "recall": 0.7754569190600522
  },
  "GBPJPY": {
    "mae": 0.0017111996041875982,
    "rmse": 0.002534606902717291,
    "dir_acc": 0.505789224952741,
    "accuracy": 0.5062618147448015,
    "f1": 0.5747430548488858,
    "precision": 0.5218033998521804,
    "recall": 0.6396375990939978
  },
  "XAUUSD": {
    "mae": 0.0032794280726953515,
    "rmse": 0.004660288263497018,
    "dir_acc": 0.4820152453549309,
    "accuracy": 0.48272987136731776,
    "f1": 0.0,
    "precision": 0.0,
    "recall": 0.0
  }
}