{
  "EURUSD": {
    "mae": 0.001380840671834675,
    "rmse": 0.002014377017173456,
    "dir_acc": 0.503248670998228,
    "accuracy": 0.5044300059066745,
    "f1": 0.5424800959755699,
    "precision": 0.5018159806295399,
    "recall": 0.5903156895323998
  },
  "GBPJPY": {
    "mae": 0.0016673634825897928,
    "rmse": 0.002496909772437159,
    "dir_acc": 0.5216209829867675,
    "accuracy": 0.5216209829867675,
    "f1": 0.6856122369749205,
    "precision": 0.5216209829867675,
    "recall": 1.0
  },
  "XAUUSD": {
    "mae": 0.0038385942931955424,
    "rmse": 0.005576210845167554,
    "dir_acc": 0.5206050500238208,
    "accuracy": 0.5208432586946165,
    "f1": 0.6327033689400164,
    "precision": 0.5242057488653555,
    "recall": 0.7978355975132397
  }
}