{
  "EURUSD": {
    "mae": 0.0011366976273938863,
    "rmse": 0.0016479712614303466,
    "dir_acc": 0.5958799293702177,
    "accuracy": 0.5978811065332549,
    "f1": 0.5709620698317006,
    "precision": 0.6088936512188589,
    "recall": 0.5374793095294396,
    "best_params": {
      "max_depth": 8,
      "min_samples_leaf": 10,
      "n_estimators": 800
    }
  },
  "GBPJPY": {
    "mae": 0.001645815653436127,
    "rmse": 0.0024723746238660043,
    "dir_acc": 0.5249587944431363,
    "accuracy": 0.5264892865552154,
    "f1": 0.49975124378109453,
    "precision": 0.5563555801716976,
    "recall": 0.45360126439376836,
    "best_params": {
      "max_depth": 8,
      "min_samples_leaf": 20,
      "n_estimators": 800
    }
  },
  "XAUUSD": {
    "mae": 0.002659238549836181,
    "rmse": 0.004173074366986888,
    "dir_acc": 0.5383337289342511,
    "accuracy": 0.5389271303109423,
    "f1": 0.49538901155994286,
    "precision": 0.5702751196172249,
    "recall": 0.4378874856486797,
    "best_params": {
      "max_depth": 8,
      "min_samples_leaf": 20,
      "n_estimators": 800
    }
  }
}