{
  "EURUSD": {
    "mae": 0.006813017121607335,
    "rmse": 0.008303835194002953,
    "dir_acc": 0.4874187832250443,
    "accuracy": 0.4895451860602481,
    "f1": 0.4105851861956077,
    "precision": 0.4826812059012187,
    "recall": 0.3572276287680987
  },
  "GBPJPY": {
    "mae": 0.0016789656902129373,
    "rmse": 0.0024961364896573463,
    "dir_acc": 0.47601606805293006,
    "accuracy": 0.4783790170132325,
    "f1": 0.0,
    "precision": 0.0,
    "recall": 0.0
  },
  "XAUUSD": {
    "mae": 0.003236493407044825,
    "rmse": 0.00464413575305255,
    "dir_acc": 0.48237255836112436,
    "accuracy": 0.48308718437351117,
    "f1": 0.010036496350364963,
    "precision": 0.5365853658536586,
    "recall": 0.005065622841353903
  }
}