{
  "EURUSD": {
    "mae": 0.001381961591058977,
    "rmse": 0.0020013335764978196,
    "dir_acc": 0.4913171884229179,
    "accuracy": 0.49297105729474305,
    "f1": 0.5474483340362716,
    "precision": 0.4925061658129387,
    "recall": 0.6161879895561357
  },
  "GBPJPY": {
    "mae": 0.0034215550039365388,
    "rmse": 0.004146646364650549,
    "dir_acc": 0.49302930056710775,
    "accuracy": 0.49491965973534974,
    "f1": 0.3300423131170663,
    "precision": 0.5356052899287894,
    "recall": 0.23850509626274066
  },
  "XAUUSD": {
    "mae": 0.0027499257315753405,
    "rmse": 0.004297072585607797,
    "dir_acc": 0.5172701286326822,
    "accuracy": 0.5172701286326822,
    "f1": 0.6818431588036737,
    "precision": 0.5172701286326822,
    "recall": 1.0
  }
}