learning_rate,max_depth,n_estimators,reg_alpha,reg_lambda,cv_mae
0.05,3,200,0.1,1.0,0.001984
0.05,3,200,0.1,5.0,0.001984
0.05,5,200,0.1,5.0,0.001992
0.05,5,200,0.1,1.0,0.002
